1232.3,1213.8,1180.5,1192.3,1238.4,1269.9,1254.7,1283.6,1192.1,1208.3,1140.3,1254,1275,1236.4,1122.9,1231.8,1202.5,1229.5,1232.6,1243.7,1232.1,1240.7,1187.6,1290.4
1232,1213.4,1180.3,1192.2,1238.4,1269.6,1254.6,1283.4,1192.2,1208.5,1140.3,1253.9,1275,1236.2,1122.7,1231.7,1202.4,1229.6,1232.4,1243.8,1232.2,1240.7,1187.7,1290.7
1231.9,1213.4,1180.2,1192,1238.1,1269.8,1254.7,1283.3,1192.3,1208.4,1140.4,1253.9,1275,1236.2,1122.5,1231.7,1202.3,1229.3,1232.5,1244.1,1232.1,1240.9,1187.6,1290.8
1232.1,1213.7,1180.3,1192,1238.3,1269.6,1254.8,1283.4,1192.1,1208.6,1140.5,1253.9,1275.4,1236.2,1122.7,1232,1202.6,1229.4,1232.5,1244.3,1232.5,1241,1187.9,1290.8
1232,1213.7,1180.6,1192.1,1238.4,1269.8,1255.3,1283.6,1192.4,1208.7,1140.6,1254.3,1275.5,1236.5,1122.6,1232,1202.8,1229.9,1232.9,1244.4,1232.6,1241.5,1188.2,1291.2
1232.3,1213.9,1180.7,1192.3,1238.6,1269.7,1255.6,1283.7,1192.8,1208.9,1140.7,1254.2,1275.8,1236.5,1123.1,1232.2,1203.1,1230,1233,1244.6,1232.8,1241.8,1188.2,1291.5
1232.4,1214,1181,1192.6,1238.8,1270.1,1256,1284.1,1192.8,1209,1140.9,1254.4,1276,1236.6,1123.2,1232.5,1203.1,1230.2,1233.2,1244.9,1233.3,1241.9,1188.4,1291.6
1232.7,1214.5,1181.2,1192.8,1239,1270.1,1256.2,1284.5,1192.9,1209.4,1140.9,1254.4,1276.3,1236.8,1123.3,1232.5,1203.2,1230,1233.1,1245,1233.3,1241.9,1188.2,1291
1232.4,1214.1,1181,1192.7,1238.9,1269.6,1256,1284,1192.6,1209.2,1140.9,1254.4,1276.4,1236.7,1123.3,1232.5,1203,1230.1,1233,1244.8,1233.2,1241.9,1188.5,1291.5
1232.5,1214.4,1181.3,1192.7,1239.4,1270.1,1256.5,1284.4,1193.1,1209.7,1141.1,1254.6,1276.6,1236.7,1123.3,1232.8,1203.4,1230.3,1233.4,1245.4,1233.8,1242.3,1188.9,1291.8
974.85,956.65,924.59,945.46,975.44,1009.3,996.47,1023.8,949.3,970.74,904.93,1042.9,1124.2,978.73,907.28,976.94,1016.3,1017.9,987.63,980.41,1011.3,1010.5,1010.2,1062
975.06,956.79,924.82,945.92,975.72,1000.2,996.54,1024,948.79,970.93,905.14,1043.2,1124.6,979.35,907.63,977.52,1016.7,1018.1,987.79,980.89,1012,1011.3,1010.8,1062
975.2,957.02,925.1,946.32,975.97,997.18,996.82,1024.4,948.77,971.35,905.51,1043.5,1124.9,979.67,907.85,978.22,1017.3,1018.7,988.44,981.55,1012.5,1011.7,1011.4,1062
975.13,957.38,925.33,946.49,976.17,995.97,997.26,1024.7,948.59,971.67,905.85,1043.8,1125.5,980.03,908.2,978.56,1017.5,1018.8,988.64,981.6,1012.9,1011.8,1011.9,1061.9
975.62,957.51,925.59,946.76,976.38,995.19,997.55,1025,948.71,972.01,905.93,1044,1126,980.09,908.37,978.74,1017.9,1018.9,988.83,981.77,1013,1011.8,1011.9,1061.9
975.84,957.61,925.57,947.08,976.21,994.79,997.43,1025,948.52,971.96,906.04,1044,1125.8,980.14,908.31,978.64,1018.2,1018.8,988.82,981.57,1012.9,1011.8,1011.8,1061.8
975.73,957.68,925.48,947.06,976.37,994.48,997.35,1024.8,948.42,971.9,906.09,1044,1126,980,908.35,978.8,1018.4,1018.6,988.81,981.49,1012.9,1011.8,1011.9,1061.6
975.68,957.42,925.57,947.03,976.14,994.19,997.18,1024.9,948.25,971.75,905.89,1043.9,1126.1,979.82,908.16,978.72,1018.6,1018.5,988.53,981.5,1012.9,1011.8,1012,1061.4
975.68,957.45,925.55,947.08,976.09,994.14,997.26,1024.9,948.14,972.02,905.88,1043.8,1126.2,979.98,908.03,978.76,1018.3,1018.3,988.53,981.33,1012.8,1011.8,1011.8,1061.3
975.48,957.24,925.27,947.08,976.08,994.23,997.14,1024.8,948.19,971.87,906.02,1043.7,1126,980.15,908.15,979,1018.8,1018.3,988.75,981.79,1013,1012,1011.8,1061.4
509.13,494.12,477.86,496.12,511.03,508.09,519.74,535.74,495.79,509.25,477.07,556.14,561.87,512.52,476.27,512.72,518.34,533.61,509.85,506.29,526.46,524.48,525.53,560.04
508.62,493.52,477.55,495.96,510.81,507.4,519.31,535.37,495.37,509.02,476.68,555.79,561.29,512.09,475.87,512.3,517.99,533.33,509.36,505.83,526,523.95,525.19,559.72
508.18,493.31,477.38,495.74,510.45,507.26,519.05,535.02,494.95,508.65,476.43,555.4,561.08,511.76,475.45,512.04,517.84,533.33,509.13,505.61,525.78,523.86,524.88,559.48
508.16,493.12,477.25,495.65,510.06,507.26,518.8,534.97,494.85,508.28,476.16,555.13,561.07,511.53,475.3,512.08,517.78,532.88,508.9,505.42,525.56,523.6,524.49,559.22
507.88,493,476.87,495.71,510.06,507.27,518.51,534.65,494.62,508.16,475.91,554.84,560.72,511.45,475.18,511.58,517.68,533.03,508.84,505.35,525.28,523.25,524.55,558.96
507.53,492.7,476.86,495.71,509.83,507.52,518.39,534.46,494.4,507.97,475.7,554.61,560.64,511.18,475.02,511.43,517.66,532.81,508.56,505.14,525.33,523.19,524.22,558.96
507.45,492.6,476.72,495.65,509.62,507.43,518.25,534.15,494.34,507.71,475.52,554.51,560.48,510.99,474.75,511.06,517.59,532.65,508.3,504.94,525.01,522.9,523.92,558.86
507.37,492.58,476.57,495.54,509.5,507.57,518.09,534.1,494.13,507.71,475.37,554.21,560.44,511.05,474.69,511,517.5,532.54,508.38,504.87,524.98,522.84,524.02,558.8
507.27,492.42,476.46,495.63,509.51,507.81,517.92,534.18,494.12,507.51,475.26,554.23,560.45,510.86,474.73,510.71,517.61,532.53,508.29,504.76,524.91,522.8,523.86,558.72
507.09,492.33,476.51,495.66,509.22,507.73,517.95,533.94,494.13,507.28,475.27,554,560.35,510.7,474.57,510.57,517.57,532.43,508.23,504.81,524.75,522.51,523.72,558.45
336.45,326.15,319.12,331.08,339.14,337.49,343.44,353.76,329.06,338.22,316.71,368.56,366.69,340.23,317.95,338.11,341.37,353.2,336.5,333.61,347.13,345.69,345.88,371.91
336.19,325.95,319,331.1,338.88,337.11,343.23,353.51,328.94,338.07,316.63,368.49,366.51,339.99,317.67,337.82,341.21,353.02,336.09,333.48,346.98,345.54,345.77,371.79
336.09,325.87,318.87,331.13,338.97,337.17,343.2,353.53,328.81,337.93,316.55,368.4,366.46,340.03,317.81,337.88,341.37,353.21,336.17,333.53,347.01,345.59,345.63,371.9
335.99,325.79,318.88,331.41,338.85,337.17,343.18,353.56,328.78,337.93,316.43,368.25,366.65,339.94,317.58,337.86,341.34,353.08,335.98,333.37,346.77,345.15,345.67,371.81
335.89,325.72,318.93,331.33,338.76,336.95,342.88,353.34,328.69,337.69,316.26,368.07,366.37,339.82,317.55,337.68,341.37,352.89,336.06,333.23,346.7,345.18,345.5,371.82
335.76,325.58,318.81,331.45,338.68,337.07,342.9,353.18,328.5,337.66,316.12,367.81,366.32,339.6,317.44,337.5,341.23,352.71,335.79,333.17,346.52,345.01,345.25,371.66
335.65,325.54,318.77,331.35,338.54,336.87,342.8,353.11,328.45,337.5,316.18,367.83,366.38,339.65,317.35,337.57,341.3,352.76,335.67,333.08,346.47,344.92,345.39,371.8
335.58,325.53,318.68,331.53,338.55,336.75,342.66,352.97,328.39,337.49,316.08,367.67,366.3,339.5,317.32,337.57,341.3,352.68,335.73,332.89,346.41,344.83,345.25,371.72
335.47,325.27,318.5,331.23,338.31,336.81,342.45,352.85,328.26,337.31,315.86,367.53,366.15,339.34,317.12,337.3,341.13,352.56,335.58,332.98,346.25,344.73,344.9,371.45
335.4,325.22,318.4,331.38,338.19,336.72,342.37,352.74,328.14,337.08,315.68,367.37,366.2,339.21,317,337.14,341.02,352.36,335.25,332.68,346.14,344.59,344.96,371.4
269.45,260.41,255.81,267.84,271.45,267.32,274.37,282.38,263.3,271,253.12,294.93,292.04,272.89,255.09,269.78,271.52,282.87,268.61,266.23,277.33,275.86,278.78,297.41
268.96,260.16,255.69,267.79,271.31,267.26,274.26,282.23,263.26,271.01,253.03,294.88,292.09,272.93,254.89,269.78,271.38,282.9,268.54,266.19,277.2,275.91,278.75,297.46
269.02,260.15,255.76,267.9,271.24,267.26,274.38,282.35,263.25,270.87,252.98,294.99,292.06,272.92,254.81,269.69,271.32,282.67,268.51,266.14,277.25,275.94,278.72,297.51
268.98,260.05,255.61,267.86,271.23,267.25,274.19,282.26,263.16,270.85,253.01,294.84,292,272.85,254.92,269.69,271.35,282.64,268.39,266.16,277.29,275.7,278.73,297.59
269,260.07,255.53,267.99,271.15,267.31,274.2,282.26,263.15,270.83,252.9,294.74,291.98,272.8,254.8,269.65,271.18,282.3,268.23,266.14,277.09,275.59,278.5,297.68
268.93,259.89,255.59,267.98,271,267.11,274.03,282.13,262.97,270.83,252.83,294.65,291.93,272.77,254.7,269.68,271.3,282.12,268.27,266.07,277.12,275.55,278.49,297.63
268.86,260.05,255.57,268.11,270.99,267.18,274.19,281.98,263.16,270.72,252.79,294.53,291.99,272.78,254.73,269.52,271.22,282.16,268.42,266.02,277.07,275.66,278.46,297.65
268.93,259.76,255.55,268.15,271.03,267.22,274.06,281.94,263.02,270.66,252.8,294.38,292,272.66,254.68,269.52,271.41,282.06,268.2,266,276.83,275.55,278.58,297.63
268.76,259.83,255.48,268.13,270.95,267.17,273.99,281.9,263.01,270.56,252.69,294.47,291.88,272.63,254.58,269.52,271.22,282.02,268.17,265.89,276.96,275.48,278.55,297.5
268.71,259.85,255.43,268.27,270.81,267.22,273.92,282,262.95,270.61,252.65,294.21,291.88,272.5,254.61,269.39,271.09,282.04,268.02,265.8,276.94,275.5,278.58,297.48
268.97,259.87,255.6,268.1,270.79,266.59,274.01,282.1,262.93,270.58,252.43,293.98,291.86,272.52,254.6,269.35,271.03,281.44,267.88,265.97,277,275.51,278.19,297.22
268.56,259.46,255.12,268.08,270.12,266.68,273.45,281.49,262.62,270.05,252,293.38,291.61,272.08,254.27,269.04,270.51,281.23,267.56,265.46,276.49,275.14,278.53,297.09
268.1,259.08,254.89,267.83,269.82,266.45,273.13,281.25,262.34,269.84,251.74,293.08,291.55,271.84,254.06,268.74,270.64,281.14,267.42,265.29,276.38,274.94,278.78,297.29
268.03,259.06,254.83,267.88,270.03,266.63,273.04,281.22,262.14,269.61,251.56,292.86,291.33,272.26,253.45,268.86,270.24,275.83,265.86,264.74,274.67,271.12,269.61,289.09
751.7,721.04,697.38,686.22,689.51,615.73,509.87,520.19,476.37,491.18,433.25,492.86,427.06,394.85,362.74,379.46,378.93,394.5,273.46,266.53,268.7,270.72,275.45,292.63
911.16,865.6,870.22,1053,868.8,1005.4,558.16,572.56,525.92,549.34,491.89,569.81,462.64,412.07,379.68,400.49,424.09,433.12,272.56,266.12,268.44,270.5,274.7,294.56
976.88,929.91,940.18,1164.6,947.73,1158.6,574.74,590.76,544.04,569.15,512.88,596.47,468.32,418.09,385.56,407.28,432.64,442.09,272.34,265.8,268.23,270.37,274.38,295.51
1018.6,967.14,978.86,1199.5,992.81,1202.3,584.04,600.67,553.89,580.04,524.12,610.86,469.51,421.02,388.66,410.8,434.55,445.13,272.27,265.75,268.1,270.27,274.22,295.8
1046.8,992.81,1006.2,1217.4,1024.3,1217.8,590,607.06,560.1,586.9,531.32,620.1,470.31,423.07,390.66,413.02,435.07,446.63,272.15,265.74,268.01,270.38,274.09,295.63
1067.9,1011.9,1026.6,1229.8,1048.6,1227.7,594.53,611.67,564.54,591.94,536.39,626.56,470.5,424.49,392.05,414.72,434.77,447.69,272.23,265.67,268,270.18,274.21,295.61
1084.4,1027.1,1042.6,1240.2,1067.7,1233.5,597.63,615.17,567.79,595.75,540.24,631.34,470.73,425.32,393.07,415.89,434.58,448.55,272.08,265.5,267.89,270.16,274.13,295.3
1098.5,1040.1,1056,1249,1083.7,1238.2,600.53,618.26,570.7,598.94,543.47,635.48,471.31,426.41,394.22,417.14,434.78,449.24,272.2,265.63,267.93,270.05,274.18,295.23
1110,1050.2,1066.8,1256.9,1096.6,1241.3,602.52,620.17,572.58,601.25,546.08,638.41,471.43,426.89,394.74,418.26,434.91,449.73,271.99,265.6,267.87,269.96,274.34,295.22
1119.3,1058.8,1076,1264.1,1107.6,1243.3,604.15,621.85,574.29,603.05,547.85,640.62,471.27,427.34,395.14,418.87,434.9,450.09,271.88,265.28,267.75,269.95,274.38,295.12
1126.8,1066.2,1084.3,1269.1,1116.6,1245.1,605.5,623.31,575.55,604.52,549.47,642.67,471.2,427.66,395.62,419.56,435.96,450.68,271.71,265.27,267.5,269.72,274.53,294.93
1133.3,1072.7,1091.3,1276.5,1124.5,1246.4,606.45,624.32,576.5,605.84,550.68,644.19,471.09,427.76,395.75,420.05,436.38,451.06,271.66,265.06,267.53,269.68,275.14,294.83
1138.5,1077.8,1097.7,1283.1,1131.3,1247.6,607.3,625.35,577.49,606.86,551.6,645.6,470.94,428.11,396.14,420.94,437.34,451.45,271.65,264.9,267.4,269.45,274.78,294.65
1143.5,1083.2,1103.7,1288.2,1137.5,1249,608.15,626.17,578.23,607.78,552.71,646.76,470.99,428.21,396.23,421.25,438.62,451.57,271.34,264.88,267.3,269.27,274.87,294.43
1148.2,1087.1,1109.2,1292.7,1143,1249.7,608.71,626.7,578.97,608.4,553.5,647.73,470.89,428.39,396.4,421.76,439.25,451.74,271.24,264.66,267.27,269.31,274.89,294.46
1152.4,1091.4,1114.2,1295.7,1148,1250.7,609.66,627.56,579.67,609.35,554.28,648.84,470.85,428.61,396.41,422.06,439.35,451.9,271.24,264.62,267.36,269.17,274.94,294.18
1156.3,1095,1119,1299,1152.5,1251.4,610.08,628.01,580.12,609.95,554.74,649.35,470.88,428.56,396.58,422.42,439.38,451.95,270.94,264.5,267.21,269.06,274.86,294
1160.2,1098.6,1123.2,1301.2,1156.5,1252.5,610.85,628.62,580.58,610.51,555.58,650.26,470.74,428.75,396.74,422.57,439.43,452.01,270.85,264.56,267.24,268.88,274.95,293.94
1162.9,1101.5,1127.3,1303.1,1159.9,1252.7,611.14,629.03,581.09,611.08,556.02,650.73,470.77,428.74,396.81,422.76,439.38,452.11,270.81,264.36,266.76,268.88,274.65,294.69
1165.5,1103.9,1130.9,1303.7,1163.2,1253,611.37,629.29,581.34,611.38,556.24,651.02,470.52,428.65,396.83,422.91,439.2,452.12,270.92,264.32,266.59,268.71,274.64,294.54
1168.8,1106.9,1134.9,1305.5,1166.8,1254.1,612.1,629.83,581.86,612.08,557.02,651.71,470.83,428.95,397.11,423.68,439.26,452.32,270.76,264.24,266.6,268.59,274.43,294.44
1171.2,1109.3,1138.3,1305.7,1169.5,1254.3,612.55,630.21,582.08,612.26,557.2,652.13,471.4,428.87,396.87,424.08,439.1,452.12,270.76,264.13,266.61,268.63,274.15,293.7
1173.4,1111.3,1141.4,1306,1172,1254.8,612.72,630.33,582.39,612.57,557.36,652.51,471.26,428.86,396.89,424.85,439.22,452.07,270.43,264.01,266.63,268.43,274.21,293.47
1175.7,1113.4,1144.7,1306.7,1174.5,1255.6,613.22,630.8,582.64,613,557.61,652.91,471.37,429.16,396.98,425.4,439.15,452.36,270.56,264.04,266.36,268.47,274.06,293.37
1177.4,1115.1,1147.3,1307.2,1176.7,1255.6,613.45,630.96,582.92,613.08,558.02,653.1,471.11,429.03,397.13,425.46,438.92,452.54,270.47,263.99,266.38,268.25,273.83,293.43
1179.6,1116.9,1150.4,1307.6,1178.8,1255.9,613.54,631,583.08,613.3,558.18,653.61,471,429.06,397.02,425.85,438.94,452.84,270.39,263.86,266.51,268.28,273.6,293.53
1181.5,1118.9,1153.3,1308.1,1181.3,1256.7,613.97,631.39,583.34,613.76,558.61,653.9,471.16,429.22,397.14,426.46,438.84,452.8,270.73,264.01,266.45,268.23,273.42,293.57
1183.1,1120.6,1156.4,1308.4,1183.1,1257.2,614.28,631.76,583.52,614.01,558.89,654.21,471.15,429.29,397.45,426.73,438.9,452.96,270.73,263.93,266.45,268.14,273.45,293.94
1184.9,1121.8,1159.6,1308.7,1184.9,1257.2,614.56,631.78,583.72,614.15,558.89,654.49,470.94,429.14,397.29,426.62,438.77,453.21,270.64,263.77,266.69,268.01,271.74,293.85
1186,1123.1,1162.5,1308.7,1186.5,1257.2,614.59,631.83,583.84,614.23,559.01,654.52,470.86,429.05,397.1,427.64,438.5,453.47,270.68,263.64,266.6,267.96,271.74,293.87
1187.5,1124.4,1165.1,1309,1188.1,1257.7,614.74,632.03,583.8,614.43,559.27,654.89,470.8,429.06,397.15,428.2,438.51,453.37,270.63,263.58,266.14,267.81,271.58,293.46
1188.8,1125.5,1167.5,1308.9,1189.7,1257.8,614.69,632.02,583.95,614.4,559.33,654.95,470.56,429.08,397.16,428.59,438.31,453.1,270.68,263.5,266.28,267.73,271.44,291.37
1189.8,1126.6,1169.4,1308.6,1190.8,1257.5,615.26,631.99,584.05,614.46,559.42,655.01,470.46,428.92,397.17,428.76,438.13,453.35,270.59,263.4,266.43,267.74,271.54,291.03
1190.8,1127.8,1171.6,1308.7,1192,1258,614.71,631.94,583.89,614.34,559.33,655.06,470.3,428.89,397.12,428.85,437.74,453.35,270.73,263.23,266.46,267.61,271.98,291.11
1191.9,1128.3,1174.3,1308.7,1193.1,1257.7,614.15,631.97,583.8,614.4,559.46,655.24,470.24,428.77,396.91,428.95,437.47,453.29,270.52,263.08,266.59,267.26,272.18,291
1192.7,1129.1,1176.9,1308.6,1194.1,1257.8,613.73,631.98,583.85,614.5,559.3,655.07,469.93,428.54,396.85,429.07,437.49,453,270.4,262.95,266.42,267.2,271.59,290.88
1192.9,1130.4,1178.8,1308.5,1195.3,1258,613.6,631.95,583.81,614.48,559.39,655.18,469.89,428.69,396.87,429.75,437.46,453.25,270.58,262.82,266.59,267.26,271.89,291.09
1193.6,1131.4,1180.7,1308.8,1196.5,1258.5,613.92,632.03,584.03,614.76,559.37,655.32,469.82,427.88,396.98,430.46,437.38,453.17,270.55,263.14,266.54,267.09,272.25,290.81
1194.9,1132.3,1182.6,1308.7,1197.7,1258.7,613.88,631.97,584.16,614.8,559.55,655.43,470.04,427.88,394.95,430.46,437.34,453.09,270.63,262.99,266.99,267.23,272.42,290.73
1195.9,1133.2,1185.3,1308.8,1198.7,1258.8,613.87,632.38,584.36,614.93,559.78,655.65,469.88,428.09,394.85,430.66,437.13,452.38,270.52,262.81,267.15,267.07,272.13,290.91
1196.8,1134.1,1187.6,1308.7,1199.9,1259,614.17,632.34,584.37,615,559.87,655.75,469.75,428.43,394.93,430.77,437.04,451.97,270.52,262.75,267.01,267.11,271.56,290.76
1197.9,1134.8,1190.6,1308.7,1200.7,1259.1,613.95,632.31,584.3,614.96,559.78,655.8,469.64,428.64,394.82,430.96,437.18,451.93,270.5,262.56,267.14,266.93,271.46,290.83
1198.2,1135.2,1186.1,1308.5,1201.5,1258.9,613.92,632.16,584.14,614.83,559.77,655.7,469.41,428.46,394.8,430.87,437.03,451.67,270.31,262.5,267.52,266.76,271.81,290.9
1198.6,1135.7,1188.8,1308.4,1202.1,1258.8,613.96,632.03,584.17,614.82,559.7,655.59,469.21,428.48,394.57,431.27,436.87,451.6,270.08,262.46,267.44,266.68,272.03,290.95
1199.5,1136.6,1192.5,1308.4,1203,1259.4,613.95,632.22,584.03,614.76,559.74,655.68,469.24,428.64,394.72,430.95,436.84,451.6,270.24,262.37,269.06,266.66,271.88,290.63
1200.4,1137.4,1197,1308.5,1204,1259.6,614.06,632.25,584.27,615.02,559.86,655.85,469.32,428.78,394.56,431.29,436.9,451.38,270.27,262.42,269.61,266.63,271.93,290.63
1201.3,1138.3,1201.8,1308.9,1205,1260.4,614.16,632.2,584.35,615.03,559.95,656.03,469.39,428.82,394.56,431.28,436.99,451.7,270.43,262.3,270.23,266.69,271.17,290.69
1202.4,1139.1,1206.8,1309.1,1205.9,1261.4,614.59,632.4,584.48,615.33,560.12,656.06,469.41,428.75,394.91,431.36,437.04,451.32,270.44,262.42,270.65,266.65,271.05,290.73
1203.1,1139.7,1212.3,1309,1206.2,1261.4,614.71,632.42,584.42,615.24,560.15,656.32,469.32,428.63,395.02,431.6,437.16,451.37,270.35,262.28,270.94,266.63,270.92,290.78
1204.1,1140.4,1218.6,1309.9,1207.5,1262.4,615.1,632.75,584.7,615.7,560.41,656.51,469.44,428.94,395.4,432.15,437.13,452.18,270.51,262.46,271.45,266.62,271.18,291.23
1205.4,1141.2,1224.4,1309.8,1208.1,1262.8,615.19,632.73,584.75,615.65,560.44,656.63,469.4,428.81,395.55,432.3,437.32,452.29,270.45,262.42,271.72,266.7,271.25,290.44
1206.8,1142,1229.7,1310.2,1209.4,1263.2,615.52,632.91,585,615.61,560.26,656.74,469.51,428.93,395.61,432.3,438.12,451.83,270.64,262.41,272.63,266.68,271.48,290.51
1207.6,1142.4,1234.6,1310.1,1209.6,1263.1,615.27,632.81,584.85,615.59,560.46,656.68,469.33,429.03,395.95,432.64,438.14,451.67,270.65,262.38,272.87,266.57,271.27,290.82
1209,1143.1,1238.3,1310.3,1210.3,1263.5,615.68,632.78,584.82,615.76,560.53,656.71,469.33,429.19,396.54,432.35,438.1,451.19,270.54,262.26,273.01,266.42,270.71,290.48
1210,1143.7,1244.5,1310.4,1211.2,1263.4,615.78,633.08,584.87,615.68,560.68,656.83,469.26,429.31,396.27,432.91,438.02,451.45,270.55,262.29,271.79,266.52,270.58,290.45
1210.9,1144.2,1251.5,1311.1,1211.8,1263.2,616.11,632.83,584.94,615.88,560.68,656.8,469.24,429.51,396.31,433.91,438.18,450.98,270.51,262.2,272.31,266.45,270.58,290.81
1211.5,1144.4,1258.5,1311.5,1212.2,1263,615.9,632.77,584.82,615.77,560.61,656.89,468.88,429.77,396.57,433.96,438.06,451.24,270.41,262.07,272.6,266.29,270.98,290.65
1212.4,1144.9,1265.3,1312.3,1212.9,1263,616.26,632.88,584.89,615.82,560.78,656.96,468.86,430.02,397.05,434.07,438.01,451.66,270.45,262.08,273.03,266.5,270.34,290.93
1213.3,1145.5,1272.3,1312.4,1213.4,1263,616.36,632.73,584.88,615.75,560.83,657.12,468.88,430.17,397.57,434.01,438.09,451.39,270.46,262.03,273.13,266.33,270.27,290.82
1214.1,1145.7,1278.7,1312.9,1213.8,1263.2,616.62,632.94,584.82,615.86,560.54,657.03,468.79,430.21,398.29,434.1,437.87,450.97,270.31,261.89,273.37,266.12,270.12,290.79
1214.8,1146.2,1284,1313.5,1214.6,1263.2,616.8,632.78,584.74,615.71,560.52,656.79,468.54,430.04,398.68,434.43,438.05,451.62,270.52,262,274,266.18,270.16,290.86
1215.4,1146.5,1288.3,1313.4,1215,1263,617.07,632.63,584.54,615.45,560.41,656.84,468.47,430.02,398.42,432.88,437.91,452.06,270.3,261.76,275.9,266.01,270.14,290.97
1216.4,1147,1292.2,1313.8,1215.4,1263.2,617.78,632.71,584.76,615.67,560.53,656.97,468.41,430.22,398.56,432.93,437.95,452.07,270.25,261.88,275.24,266.05,270.26,291.06
1217,1147.7,1294,1313.6,1216.1,1263.2,618.49,632.58,584.72,615.67,560.53,656.74,468.33,430.14,400.02,433.25,437.98,451.96,270.39,261.81,275.68,266.01,269.84,291
1218.3,1148,1293.8,1313.8,1216.8,1263.3,619.82,632.63,584.84,615.76,560.53,657.01,468.23,430.24,401.48,433.07,437.74,451.91,270.38,261.64,275.51,265.96,270.21,291.15
1219.2,1148.4,1293.6,1313.7,1217.1,1263.4,620.84,632.61,584.77,615.71,560.47,657.09,468.21,430.25,403.55,433.81,437.8,451.7,270.31,261.8,275.79,265.94,270.14,291.16
1219.7,1148.8,1293.2,1314,1217.5,1263.1,621.81,632.45,584.66,615.5,560.54,656.9,467.87,430.17,405.68,433.65,437.67,451.67,270.22,261.52,275.84,265.82,270.17,291.08
1220.8,1149.1,1292.8,1314,1217.9,1263.2,623,632.54,584.6,615.67,560.42,656.86,467.86,430.09,406.3,434.01,437.67,451.75,270.17,261.56,275.78,265.72,270.22,290.73
1221.3,1149.9,1292.8,1314,1218.6,1263.4,623.99,632.41,584.64,615.66,560.5,656.97,467.76,430.17,407.47,434.32,437.47,451.63,270.31,261.58,275.82,265.69,270.37,290.77
1221.8,1150.1,1292.4,1314,1219.2,1263.5,625.46,632.53,584.6,615.57,560.42,657.04,467.87,430.27,407.23,434.54,437.39,451.79,270.26,261.55,275.97,265.86,270.13,290.64
1222.6,1150.5,1291.9,1314,1219.5,1263.8,626.84,632.54,584.76,615.83,560.62,657.17,467.81,430.65,405.85,434.43,437.45,452.09,270.45,261.55,276.15,265.71,270.03,291.01
1223.8,1151,1292.1,1314.2,1220.1,1263.8,628.42,632.56,584.78,615.78,560.65,657.17,467.65,430.71,406.72,434.25,437.48,452.09,270.18,261.45,276.24,265.62,270.72,291.06
1224,1151.3,1291.9,1314.1,1220.5,1263.6,629.9,632.52,584.75,615.79,560.64,657.24,467.71,430.47,407.31,434.61,437.38,452.36,270.24,261.45,276.33,265.64,270.82,291.25
1224.7,1151.9,1292,1314.1,1221.1,1263.7,631.46,632.54,584.77,615.61,560.71,657.39,467.7,430.65,406.84,435.28,437.52,452.43,270.27,261.42,276.31,265.82,270.85,290.84
1225.7,1152.2,1292.4,1314,1221.5,1263.7,633,632.54,584.79,615.78,560.65,657.16,467.41,430.62,405.83,435.49,437.6,452.55,270.33,261.39,276.29,265.65,271.14,290.88
1226.8,1152.9,1292.1,1314.3,1222.1,1264,634.03,632.68,584.89,615.74,560.79,657.42,467.49,430.68,406.55,435.54,437.49,452.39,270.28,261.4,276.32,265.64,271.91,290.99
1227.4,1153,1292.4,1314.3,1222.4,1263.9,635.94,632.53,584.91,616.02,560.62,657.44,467.38,428.26,406.37,435.26,437.29,452.32,270.12,261.46,276.21,265.58,271.95,291.19
1228.4,1153.4,1291.9,1314.2,1222.8,1263.8,637.45,632.41,584.7,615.7,560.67,657.37,467.31,428.92,406.1,435,437.31,452.2,270.31,261.26,276.19,265.51,271.82,291.15
1229.3,1153.7,1292,1314.1,1222.9,1263.7,638.92,632.32,584.57,615.61,560.4,657.04,467.1,429.3,407.31,434.39,437.16,451.97,270.21,261.32,276.21,265.43,271.7,291.22
1230,1153.8,1292,1313.9,1223.4,1263.5,640.78,632.19,584.41,615.42,560.38,657.07,467.02,429.85,408.3,433.99,437.16,451.64,270.07,261.14,276.11,265.41,271.48,291.38
1232.1,1154.3,1292.3,1314.4,1223.9,1263.5,642.02,632.26,584.55,615.61,560.45,657.05,467.01,432.83,407.67,433.93,437.13,451.7,270.14,261.08,276.13,265.32,271.5,291.87
1233.1,1154.6,1292.4,1313.8,1223.9,1263.4,643.3,632.19,584.38,615.42,560.31,656.95,467.09,435.18,408.43,433.92,436.98,451.55,270.08,261.04,276.07,265.27,271.17,291.75
1234.2,1155.1,1292.8,1314.2,1224.7,1263.4,644.2,632.07,584.53,615.55,560.4,656.97,467.05,435.95,409.13,433.98,437.37,451.48,269.92,260.9,276.02,265.13,271.03,292
1235.4,1155.3,1292.8,1314,1225.1,1263.4,645.31,632.03,584.32,615.5,560.28,656.87,466.79,436.89,408.99,434.2,437.54,451.32,269.99,260.94,275.93,265.11,271.26,291.9
1236.8,1155.8,1293.6,1314.1,1225.2,1263.3,646.51,632.19,584.45,615.53,560.38,657.11,466.83,436.67,409.06,434.61,437.62,451.36,270,260.97,275.86,265.1,271.05,291.71
1238.3,1156.3,1294.7,1314,1225.7,1263.4,648.06,632.1,584.58,615.56,560.29,656.92,466.71,436.62,409.42,435,437.89,451.25,270.07,260.99,275.73,265.1,271.24,291.57
1239.8,1156.9,1295.5,1314.4,1226.2,1263.7,648.51,632.11,584.42,615.57,560.36,656.86,466.65,433.83,409.72,435.44,438.04,451.16,270.01,260.96,275.7,265.07,271.91,291.22
1241.3,1157.4,1295.9,1314.4,1226.4,1263.5,649.56,632.16,584.46,615.44,560.27,657.03,466.65,433.33,410.28,436,438.04,451.19,270.08,261,275.73,264.94,272.08,290.93
1242.6,1157.6,1296,1314.1,1227,1263.4,650.5,631.87,584.46,615.42,560.37,657.06,466.68,435.54,410.65,436.63,437.96,451.09,270.02,260.83,275.68,264.99,272.04,290.94
1244.5,1158,1296.4,1314.4,1227.4,1263.7,650.55,632.1,584.63,615.53,560.27,657.17,466.66,437.18,411.65,436.69,438.06,451.34,270.13,260.94,275.6,265.05,272.33,290.9
1245.5,1158.3,1296.6,1314.2,1227.9,1263.9,651.34,632.18,584.49,615.57,560.26,657.14,466.6,438.69,412.43,436.7,437.96,451.09,270.02,260.81,275.52,264.97,272.6,290.66
1246.4,1158.4,1296.5,1314.5,1228.4,1263.6,652.21,632.02,584.37,615.49,560.14,656.93,466.28,440.46,412.9,436.53,438.01,451.07,269.95,260.83,275.45,264.88,272.43,290.07
1248,1158.9,1296.5,1314.4,1229,1263.8,652.41,632.01,584.29,615.32,560.13,657.16,466.23,442.44,412.71,436.67,437.88,451.03,269.99,260.7,275.46,264.84,272.2,290.24
1248.8,1158.3,1295.9,1313.8,1229.3,1263,651.94,631.53,583.96,615.05,559.93,656.86,465.98,443.17,412.92,436.5,437.75,450.84,267.66,260.53,275.3,264.7,272.07,289.97
1223.1,1157.3,1300,1297.3,1205.9,1305.2,656.38,633.63,583.97,599.6,551.73,623.91,465.25,444.01,411.44,436.76,436.94,446.37,266.2,262.57,274.08,263.14,264.37,277.1
1229.6,1162.5,1300.1,1297.3,1209.7,1306.8,658.78,633.75,584.18,599.45,551.5,623.3,465.14,444.76,414.16,436.82,436.94,446.36,266.05,262.63,273.98,263.09,264.21,276.48
1230.6,1163.6,1299.8,1297.2,1211.4,1307.1,659.83,633.59,584.01,599.41,551.35,623.46,465.02,445.17,413.65,436.98,437.14,446.28,265.97,262.47,273.85,262.98,264.02,275.53
1231.6,1164.2,1299.7,1297.4,1212,1306.9,660.46,633.45,584.16,599.44,551.36,623.31,465.02,445.58,413.52,437.26,437.04,446.18,265.89,262.53,273.89,262.93,263.74,275.13
1233.4,1164.5,1300,1298.5,1212.6,1307,661.86,633.69,583.94,599.44,551.31,623.39,465,445.98,413.84,437.27,437.05,446.15,266.01,262.48,273.82,262.95,263.85,275.21
1234.2,1164.7,1299.8,1300.4,1213.2,1307.2,661.36,633.48,584.05,599.48,551.34,623.28,464.87,446.1,414.49,437.37,436.97,446.28,266.15,262.44,273.87,263.08,263.93,275.9
1236.3,1165.1,1300.2,1301.3,1213.5,1307.2,661.15,633.59,584.09,599.43,551.37,623.35,465.04,446.17,414.62,437.38,436.95,446.16,266.26,262.43,273.91,262.99,263.74,277.02
1231.7,1165.4,1300.2,1302.3,1213.9,1306.9,661.64,633.36,584.09,599.47,551.34,623.36,464.95,446.35,414.69,437.42,436.81,446.12,266.42,262.54,273.84,262.71,263.63,277.28
1230.5,1165.8,1300.1,1303,1214.6,1306.7,662.75,633.37,584.01,599.13,551.27,623.29,464.72,446.82,414.22,437.3,436.95,446,266.29,262.36,273.74,262.91,263.48,277.57
1232.4,1166,1300.4,1303.7,1214.8,1306.8,662.21,633.45,584,599.44,551.3,623.38,464.65,446.49,414.01,437.34,436.86,445.96,266.41,262.38,273.63,262.85,263.38,277.74
1236,1166.1,1300.4,1304,1215.3,1306.8,662.41,633.35,583.98,599.24,551.06,623.16,464.71,446.75,414.01,437.32,436.76,446,266.75,262.35,273.57,262.76,263.3,277.98
1238.2,1166.4,1300.2,1303.8,1215.3,1306.3,662.38,633.35,583.74,599.11,550.9,622.99,464.53,446.85,413.88,437.09,436.63,445.81,266.77,262.15,273.45,262.63,263.17,278.21
